airline,flight_number,route_code,callsign,route_leg,dpt_airport,arr_airport,alt_airport,days,dpt_time,arr_time,level,distance,flight_time,flight_type,load_factor,load_factor_variance,pilot_pay,route,notes,start_date,end_date,active,subfleets,fares,fields,event_id,user_id
CRN,8400,FIFA,,1,MUHA,KMIA,,1234567,14:15,15:03,,204,48,J,,,1000,,<p>FIFA WORLD CUP 2026 Tour</p>,,,0,A20N;A21N;A306;A310;A319;A320;A321;A332;A333;A339;A346;A359;A388;AN2;AN24;AN26;AT45;AT46;AT75;AT76;B38M;B712;B722;B732;B733;B734;B735;B736;B737;B738;B739;B744;B752;B753;B762;B763;B764;B77L;B77W;B788;B789;B78X;BBJ2;BCS1;BCS3;BN2P;C130;C172;C208;C25C;C402;C408;C750;DH8D;DHC6;E110;E140;E145;E175;E190;E195;EC35;EC45;GA8;H60;IL18;IL96;KODI;L410;MD11;MD82;MD83;MD88;MD90;MI8;P212;PC12;R722;RJ1H;RJ70;RJ85;SH33;SH36;SU95;TBM9;TRIS;YK40,,,,
CRN,8401,FIFA,,2,KMIA,KATL,,1234567,19:15,21:19,,517,124,J,,,1000,,<p>FIFA WORLD CUP 2026 Tour</p>,,,0,A20N;A21N;A306;A310;A319;A320;A321;A332;A333;A339;A346;A359;A388;AN24;AN26;AT45;AT46;AT75;AT76;B38M;B712;B722;B732;B733;B734;B735;B736;B737;B738;B739;B744;B752;B753;B762;B763;B764;B77L;B77W;B788;B789;B78X;BBJ2;BCS1;BCS3;BN2P;C130;C172;C208;C25C;C402;C408;C750;DH8D;DHC6;E110;E140;E145;E175;E190;E195;GA8;H60;IL18;IL96;KODI;L410;MD11;MD82;MD83;MD88;MD90;P212;PC12;R722;RJ1H;RJ70;RJ85;SH33;SH36;SU95;TBM9;TRIS;YK40,,,,
CRN,8402,FIFA,,3,KATL,KPHL,,1234567,16:30,18:48,,578,138,J,,,1000,,<p>FIFA WORLD CUP 2026 Tour</p>,,,0,A20N;A21N;A306;A310;A319;A320;A321;A332;A333;A339;A346;A359;A388;AN24;AN26;AT45;AT46;AT75;AT76;B38M;B712;B722;B732;B733;B734;B735;B736;B737;B738;B739;B744;B752;B753;B762;B763;B764;B77L;B77W;B788;B789;B78X;BBJ2;BCS1;BCS3;BN2P;C130;C172;C208;C25C;C402;C408;C750;DH8D;DHC6;E110;E140;E145;E175;E190;E195;GA8;H60;IL18;IL96;KODI;L410;MD11;MD82;MD83;MD88;MD90;P212;PC12;R722;RJ1H;RJ70;RJ85;SH33;SH36;SU95;TBM9;TRIS;YK40,,,,
CRN,8403,FIFA,,4,KPHL,KEWR,,1234567,17:45,18:01,,69,16,J,,,1000,,<p>FIFA WORLD CUP 2026 Tour</p>,,,0,A20N;A21N;A306;A310;A319;A320;A321;A332;A333;A339;A346;A359;A388;AN2;AN24;AN26;AT45;AT46;AT75;AT76;B38M;B712;B722;B732;B733;B734;B735;B736;B737;B738;B739;B744;B752;B753;B762;B763;B764;B77L;B77W;B788;B789;B78X;BBJ2;BCS1;BCS3;BN2P;C130;C172;C208;C25C;C402;C408;C750;DH8D;DHC6;E110;E140;E145;E175;E190;E195;EC35;EC45;GA8;H60;IL18;IL96;KODI;L410;MD11;MD82;MD83;MD88;MD90;MI8;P212;PC12;R722;RJ1H;RJ70;RJ85;SH33;SH36;SU95;TBM9;TRIS;YK40,,,,
CRN,8404,FIFA,,5,KEWR,KBOS,,1234567,06:15,06:56,,173,41,J,,,1000,,<p>FIFA WORLD CUP 2026 Tour</p>,,,0,A20N;A21N;A306;A310;A319;A320;A321;A332;A333;A339;A346;A359;A388;AN2;AN24;AN26;AT45;AT46;AT75;AT76;B38M;B712;B722;B732;B733;B734;B735;B736;B737;B738;B739;B744;B752;B753;B762;B763;B764;B77L;B77W;B788;B789;B78X;BBJ2;BCS1;BCS3;BN2P;C130;C172;C208;C25C;C402;C408;C750;DH8D;DHC6;E110;E140;E145;E175;E190;E195;EC35;EC45;GA8;H60;IL18;IL96;KODI;L410;MD11;MD82;MD83;MD88;MD90;MI8;P212;PC12;R722;RJ1H;RJ70;RJ85;SH33;SH36;SU95;TBM9;TRIS;YK40,,,,
CRN,8405,FIFA,,6,KBOS,CYYZ,,1234567,14:00,15:32,,386,92,J,,,1000,,<p>FIFA WORLD CUP 2026 Tour</p>,,,0,A20N;A21N;A306;A310;A319;A320;A321;A332;A333;A339;A346;A359;A388;AN2;AN24;AN26;AT45;AT46;AT75;AT76;B38M;B712;B722;B732;B733;B734;B735;B736;B737;B738;B739;B744;B752;B753;B762;B763;B764;B77L;B77W;B788;B789;B78X;BBJ2;BCS1;BCS3;BN2P;C130;C172;C208;C25C;C402;C408;C750;DH8D;DHC6;E110;E140;E145;E175;E190;E195;GA8;H60;IL18;IL96;KODI;L410;MD11;MD82;MD83;MD88;MD90;P212;PC12;R722;RJ1H;RJ70;RJ85;SH33;SH36;SU95;TBM9;TRIS;YK40,,,,
CRN,8406,FIFA,,7,CYYZ,KMCI,,1234567,18:15,21:09,,725,174,J,,,1000,,<p>FIFA WORLD CUP 2026 Tour</p>,,,0,A20N;A21N;A306;A310;A319;A320;A321;A332;A333;A339;A346;A359;A388;AN24;AN26;AT45;AT46;AT75;AT76;B38M;B712;B722;B732;B733;B734;B735;B736;B737;B738;B739;B744;B752;B753;B762;B763;B764;B77L;B77W;B788;B789;B78X;BBJ2;BCS1;BCS3;C130;C208;C25C;C402;C408;C750;DH8D;DHC6;E110;E140;E145;E175;E190;E195;GA8;IL18;IL96;KODI;L410;MD11;MD82;MD83;MD88;MD90;P212;PC12;R722;RJ1H;RJ70;RJ85;SH36;SU95;TBM9;YK40,,,,
CRN,8407,FIFA,,8,KMCI,KDFW,,1234567,22:00,23:36,,400,96,J,,,1000,,<p>FIFA WORLD CUP 2026 Tour</p>,,,0,A20N;A21N;A306;A310;A319;A320;A321;A332;A333;A339;A346;A359;A388;AN2;AN24;AN26;AT45;AT46;AT75;AT76;B38M;B712;B722;B732;B733;B734;B735;B736;B737;B738;B739;B744;B752;B753;B762;B763;B764;B77L;B77W;B788;B789;B78X;BBJ2;BCS1;BCS3;BN2P;C130;C172;C208;C25C;C402;C408;C750;DH8D;DHC6;E110;E140;E145;E175;E190;E195;GA8;H60;IL18;IL96;KODI;L410;MD11;MD82;MD83;MD88;MD90;P212;PC12;R722;RJ1H;RJ70;RJ85;SH33;SH36;SU95;TBM9;TRIS;YK40,,,,
CRN,8408,FIFA,,9,KDFW,KIAH,,1234567,19:30,20:16,,195,46,J,,,1000,,<p>FIFA WORLD CUP 2026 Tour</p>,,,0,A20N;A21N;A306;A310;A319;A320;A321;A332;A333;A339;A346;A359;A388;AN2;AN24;AN26;AT45;AT46;AT75;AT76;B38M;B712;B722;B732;B733;B734;B735;B736;B737;B738;B739;B744;B752;B753;B762;B763;B764;B77L;B77W;B788;B789;B78X;BBJ2;BCS1;BCS3;BN2P;C130;C172;C208;C25C;C402;C408;C750;DH8D;DHC6;E110;E140;E145;E175;E190;E195;EC35;EC45;GA8;H60;IL18;IL96;KODI;L410;MD11;MD82;MD83;MD88;MD90;MI8;P212;PC12;R722;RJ1H;RJ70;RJ85;SH33;SH36;SU95;TBM9;TRIS;YK40,,,,
CRN,8409,FIFA,,10,KIAH,MMTY,,1234567,08:45,10:10,,357,85,J,,,1000,,<p>FIFA WORLD CUP 2026 Tour</p>,,,0,A20N;A21N;A306;A310;A319;A320;A321;A332;A333;A339;A346;A359;A388;AN2;AN24;AN26;AT45;AT46;AT75;AT76;B38M;B712;B722;B732;B733;B734;B735;B736;B737;B738;B739;B744;B752;B753;B762;B763;B764;B77L;B77W;B788;B789;B78X;BBJ2;BCS1;BCS3;BN2P;C130;C172;C208;C25C;C402;C408;C750;DH8D;DHC6;E110;E140;E145;E175;E190;E195;GA8;H60;IL18;IL96;KODI;L410;MD11;MD82;MD83;MD88;MD90;P212;PC12;R722;RJ1H;RJ70;RJ85;SH33;SH36;SU95;TBM9;TRIS;YK40,,,,
CRN,8410,FIFA,,11,MMTY,MMMX,,1234567,15:00,16:32,,384,92,J,,,1000,,<p>FIFA WORLD CUP 2026 Tour</p>,,,0,A20N;A21N;A306;A310;A319;A320;A321;A332;A333;A339;A346;A359;A388;AN2;AN24;AN26;AT45;AT46;AT75;AT76;B38M;B712;B722;B732;B733;B734;B735;B736;B737;B738;B739;B744;B752;B753;B762;B763;B764;B77L;B77W;B788;B789;B78X;BBJ2;BCS1;BCS3;BN2P;C130;C172;C208;C25C;C402;C408;C750;DH8D;DHC6;E110;E140;E145;E175;E190;E195;GA8;H60;IL18;IL96;KODI;L410;MD11;MD82;MD83;MD88;MD90;P212;PC12;R722;RJ1H;RJ70;RJ85;SH33;SH36;SU95;TBM9;TRIS;YK40,,,,
CRN,8411,FIFA,,12,MMMX,MMGL,,1234567,05:00,05:59,,247,59,J,,,1000,,<p>FIFA WORLD CUP 2026 Tour</p>,,,0,A20N;A21N;A306;A310;A319;A320;A321;A332;A333;A339;A346;A359;A388;AN2;AN24;AN26;AT45;AT46;AT75;AT76;B38M;B712;B722;B732;B733;B734;B735;B736;B737;B738;B739;B744;B752;B753;B762;B763;B764;B77L;B77W;B788;B789;B78X;BBJ2;BCS1;BCS3;BN2P;C130;C172;C208;C25C;C402;C408;C750;DH8D;DHC6;E110;E140;E145;E175;E190;E195;EC35;EC45;GA8;H60;IL18;IL96;KODI;L410;MD11;MD82;MD83;MD88;MD90;MI8;P212;PC12;R722;RJ1H;RJ70;RJ85;SH33;SH36;SU95;TBM9;TRIS;YK40,,,,
CRN,8412,FIFA,,13,MMGL,KLAX,,1234567,15:15,19:47,,1136,272,J,,,1000,,<p>FIFA WORLD CUP 2026 Tour</p>,,,0,A20N;A21N;A306;A310;A319;A320;A321;A332;A333;A339;A346;A359;A388;B38M;B712;B722;B732;B733;B734;B735;B736;B737;B738;B739;B744;B752;B753;B762;B763;B764;B77L;B77W;B788;B789;B78X;BBJ2;BCS1;BCS3;C130;C25C;C750;E110;E140;E145;E175;E190;E195;IL18;IL96;MD11;MD82;MD83;MD88;MD90;PC12;R722;RJ1H;RJ70;RJ85;SU95;TBM9,,,,
CRN,8413,FIFA,,14,KLAX,KSJC,,1234567,06:00,07:04,,267,64,J,,,1000,,<p>FIFA WORLD CUP 2026 Tour</p>,,,0,A20N;A21N;A306;A310;A319;A320;A321;A332;A333;A339;A346;A359;A388;AN2;AN24;AN26;AT45;AT46;AT75;AT76;B38M;B712;B722;B732;B733;B734;B735;B736;B737;B738;B739;B744;B752;B753;B762;B763;B764;B77L;B77W;B788;B789;B78X;BBJ2;BCS1;BCS3;BN2P;C130;C172;C208;C25C;C402;C408;C750;DH8D;DHC6;E110;E140;E145;E175;E190;E195;EC35;EC45;GA8;H60;IL18;IL96;KODI;L410;MD11;MD82;MD83;MD88;MD90;MI8;P212;PC12;R722;RJ1H;RJ70;RJ85;SH33;SH36;SU95;TBM9;TRIS;YK40,,,,
CRN,8414,FIFA,,15,KSJC,KSEA,,1234567,16:30,18:55,,605,145,J,,,1000,,<p>FIFA WORLD CUP 2026 Tour</p>,,,0,A20N;A21N;A306;A310;A319;A320;A321;A332;A333;A339;A346;A359;A388;AN24;AN26;AT45;AT46;AT75;AT76;B38M;B712;B722;B732;B733;B734;B735;B736;B737;B738;B739;B744;B752;B753;B762;B763;B764;B77L;B77W;B788;B789;B78X;BBJ2;BCS1;BCS3;BN2P;C130;C208;C25C;C402;C408;C750;DH8D;DHC6;E110;E140;E145;E175;E190;E195;GA8;H60;IL18;IL96;KODI;L410;MD11;MD82;MD83;MD88;MD90;P212;PC12;R722;RJ1H;RJ70;RJ85;SH36;SU95;TBM9;TRIS;YK40,,,,
CRN,8415,FIFA,,16,KSEA,CYVR,,1234567,11:15,11:41,,110,26,J,,,1000,,<p>FIFA WORLD CUP 2026 Tour</p>,,,0,A20N;A21N;A306;A310;A319;A320;A321;A332;A333;A339;A346;A359;A388;AN2;AN24;AN26;AT45;AT46;AT75;AT76;B38M;B712;B722;B732;B733;B734;B735;B736;B737;B738;B739;B744;B752;B753;B762;B763;B764;B77L;B77W;B788;B789;B78X;BBJ2;BCS1;BCS3;BN2P;C130;C172;C208;C25C;C402;C408;C750;DH8D;DHC6;E110;E140;E145;E175;E190;E195;EC35;EC45;GA8;H60;IL18;IL96;KODI;L410;MD11;MD82;MD83;MD88;MD90;MI8;P212;PC12;R722;RJ1H;RJ70;RJ85;SH33;SH36;SU95;TBM9;TRIS;YK40,,,,
CRN,8416,FIFA,,17,CYVR,MUHA,,1234567,09:45,19:39,,2478,594,J,,,1000,,<p>FIFA WORLD CUP 2026 Tour</p>,,,0,A20N;A21N;A306;A310;A319;A320;A332;A333;A339;A346;A359;A388;B38M;B722;B736;B737;B738;B739;B744;B752;B753;B762;B763;B764;B77L;B77W;B788;B789;B78X;BBJ2;BCS1;BCS3;C750;IL96;MD11;MD83;MD88;R722;SU95,,,,
